{"bits": 8, "length": 407, "sample_rate": 44100, "samples_per_pixel": 882, "data": [0.0, 0.0, -0.05555555555555555, 0.05555555555555555, -0.07407407407407407, 0.09259259259259259, -0.07407407407407407, 0.07407407407407407, -0.07407407407407407, 0.07407407407407407, -0.05555555555555555, 0.05555555555555555, -0.05555555555555555, 0.037037037037037035, -0.05555555555555555, 0.05555555555555555, -0.05555555555555555, 0.05555555555555555, -0.05555555555555555, 0.05555555555555555, -0.07407407407407407, 0.05555555555555555, -0.09259259259259259, 0.07407407407407407, -0.05555555555555555, 0.05555555555555555, -0.1111111111111111, 0.1111111111111111, -0.16666666666666666, 0.16666666666666666, -0.18518518518518517, 0.18518518518518517, -0.09259259259259259, 0.09259259259259259, -0.09259259259259259, 0.1111111111111111, -0.07407407407407407, 0.09259259259259259, -0.12962962962962962, 0.16666666666666666, -0.16666666666666666, 0.14814814814814814, -0.09259259259259259, 0.07407407407407407, -0.12962962962962962, 0.09259259259259259, -0.16666666666666666, 0.14814814814814814, -0.09259259259259259, 0.1111111111111111, -0.16666666666666666, 0.16666666666666666, -0.12962962962962962, 0.18518518518518517, -0.2037037037037037, 0.14814814814814814, -0.16666666666666666, 0.12962962962962962, -0.09259259259259259, 0.1111111111111111, -0.09259259259259259, 0.09259259259259259, -0.09259259259259259, 0.05555555555555555, -0.1111111111111111, 0.07407407407407407, -0.18518518518518517, 0.14814814814814814, -0.2037037037037037, 0.2037037037037037, -0.07407407407407407, 0.07407407407407407, -0.16666666666666666, 0.12962962962962962, -0.16666666666666666, 0.16666666666666666, -0.16666666666666666, 0.14814814814814814, -0.16666666666666666, 0.18518518518518517, -0.2222222222222222, 0.16666666666666666, -0.18518518518518517, 0.16666666666666666, -0.12962962962962962, 0.12962962962962962, -0.12962962962962962, 0.1111111111111111, -0.14814814814814814, 0.14814814814814814, -0.2222222222222222, 0.24074074074074073, -0.09259259259259259, 0.1111111111111111, -0.2222222222222222, 0.2037037037037037, -0.16666666666666666, 0.2037037037037037, -0.07407407407407407, 0.09259259259259259, -0.14814814814814814, 0.16666666666666666, -0.16666666666666666, 0.12962962962962962, -0.14814814814814814, 0.14814814814814814, -0.05555555555555555, 0.037037037037037035, -0.07407407407407407, 0.07407407407407407, -0.037037037037037035, 0.037037037037037035, -0.05555555555555555, 0.05555555555555555, -0.5370370370370371, 0.42592592592592593, -0.6666666666666666, 0.5555555555555556, -0.5740740740740741, 0.42592592592592593, -0.24074074074074073, 0.2962962962962963, -0.24074074074074073, 0.2037037037037037, -0.2962962962962963, 0.2222222222222222, -0.2777777777777778, 0.2777777777777778, -0.24074074074074073, 0.2222222222222222, -0.14814814814814814, 0.16666666666666666, -0.05555555555555555, 0.05555555555555555, -0.09259259259259259, 0.18518518518518517, -0.3888888888888889, 0.3333333333333333, -0.5740740740740741, 0.35185185185185186, -0.5370370370370371, 0.42592592592592593, -0.5555555555555556, 0.48148148148148145, -0.4074074074074074, 0.3888888888888889, -0.2037037037037037, 0.18518518518518517, -0.37037037037037035, 0.2777777777777778, -0.42592592592592593, 0.35185185185185186, -0.46296296296296297, 0.4444444444444444, -0.3333333333333333, 0.3148148148148148, -0.4074074074074074, 0.3333333333333333, -0.3333333333333333, 0.2777777777777778, -0.14814814814814814, 0.14814814814814814, -0.2777777777777778, 0.18518518518518517, -0.37037037037037035, 0.25925925925925924, -0.35185185185185186, 0.35185185185185186, -0.37037037037037035, 0.2777777777777778, -0.2962962962962963, 0.24074074074074073, -0.3148148148148148, 0.3148148148148148, -0.2962962962962963, 0.25925925925925924, -0.2777777777777778, 0.24074074074074073, -0.2777777777777778, 0.2777777777777778, -0.14814814814814814, 0.2222222222222222, -0.2037037037037037, 0.18518518518518517, -0.14814814814814814, 0.14814814814814814, -0.2222222222222222, 0.2222222222222222, -0.2037037037037037, 0.18518518518518517, -0.09259259259259259, 0.1111111111111111, -0.05555555555555555, 0.07407407407407407, -0.1111111111111111, 0.1111111111111111, -0.46296296296296297, 0.5, -0.3148148148148148, 0.2777777777777778, -0.1111111111111111, 0.12962962962962962, -0.24074074074074073, 0.2222222222222222, -0.3333333333333333, 0.35185185185185186, -0.3148148148148148, 0.37037037037037035, -0.3333333333333333, 0.42592592592592593, -0.5740740740740741, 0.4444444444444444, -0.5925925925925926, 0.4444444444444444, -0.2962962962962963, 0.2777777777777778, -0.3148148148148148, 0.2962962962962963, -0.2777777777777778, 0.2222222222222222, -0.2962962962962963, 0.25925925925925924, -0.3148148148148148, 0.24074074074074073, -0.16666666666666666, 0.14814814814814814, -0.09259259259259259, 0.1111111111111111, -0.037037037037037035, 0.07407407407407407, -0.1111111111111111, 0.05555555555555555, -0.07407407407407407, 0.07407407407407407, -0.05555555555555555, 0.05555555555555555, -0.5740740740740741, 0.2962962962962963, -0.7407407407407407, 0.3333333333333333, -0.7592592592592593, 0.4444444444444444, -0.5555555555555556, 0.35185185185185186, -0.2777777777777778, 0.2962962962962963, -0.18518518518518517, 0.2037037037037037, -0.16666666666666666, 0.14814814814814814, -0.07407407407407407, 0.09259259259259259, -0.07407407407407407, 0.07407407407407407, -0.05555555555555555, 0.09259259259259259, -0.07407407407407407, 0.07407407407407407, -0.037037037037037035, 0.037037037037037035, -0.05555555555555555, 0.05555555555555555, -0.2962962962962963, 0.25925925925925924, -0.3333333333333333, 0.3888888888888889, -0.3888888888888889, 0.4444444444444444, -0.35185185185185186, 0.37037037037037035, -0.24074074074074073, 0.12962962962962962, -0.14814814814814814, 0.1111111111111111, -0.09259259259259259, 0.09259259259259259, -0.05555555555555555, 0.05555555555555555, -0.07407407407407407, 0.09259259259259259, -0.09259259259259259, 0.07407407407407407, -0.1111111111111111, 0.07407407407407407, -0.12962962962962962, 0.1111111111111111, -0.2777777777777778, 0.35185185185185186, -0.35185185185185186, 0.35185185185185186, -0.25925925925925924, 0.24074074074074073, -0.2962962962962963, 0.3888888888888889, -0.3888888888888889, 0.3333333333333333, -0.37037037037037035, 0.3888888888888889, -0.3148148148148148, 0.35185185185185186, -0.37037037037037035, 0.46296296296296297, -0.2962962962962963, 0.3888888888888889, -0.2962962962962963, 0.37037037037037035, -0.3333333333333333, 0.3333333333333333, -0.3148148148148148, 0.3333333333333333, -0.12962962962962962, 0.05555555555555555, -0.14814814814814814, 0.2037037037037037, -0.14814814814814814, 0.16666666666666666, -0.1111111111111111, 0.09259259259259259, -0.12962962962962962, 0.12962962962962962, -0.07407407407407407, 0.05555555555555555, -0.2037037037037037, 0.12962962962962962, -0.3333333333333333, 0.4074074074074074, -0.4074074074074074, 0.4444444444444444, -0.4074074074074074, 0.3888888888888889, -0.3333333333333333, 0.2962962962962963, -0.24074074074074073, 0.18518518518518517, -0.2037037037037037, 0.18518518518518517, -0.16666666666666666, 0.14814814814814814, -0.2962962962962963, 0.2222222222222222, -0.5740740740740741, 0.5, -0.6296296296296297, 0.48148148148148145, -0.5740740740740741, 0.4444444444444444, -0.5925925925925926, 0.37037037037037035, -0.5555555555555556, 0.4444444444444444, -0.5555555555555556, 0.3888888888888889, -0.5740740740740741, 0.3333333333333333, -0.46296296296296297, 0.42592592592592593, -0.4074074074074074, 0.3888888888888889, -0.3888888888888889, 0.3888888888888889, -0.3888888888888889, 0.3333333333333333, -0.4444444444444444, 0.46296296296296297, -0.4444444444444444, 0.3888888888888889, -0.35185185185185186, 0.37037037037037035, -0.07407407407407407, 0.09259259259259259, -0.05555555555555555, 0.07407407407407407, -0.2962962962962963, 0.16666666666666666, -0.14814814814814814, 0.14814814814814814, -0.2222222222222222, 